<?xml version="1.0" encoding="UTF-8"?>

<beans xmlns = "http://www.springframework.org/schema/beans"
   xmlns:xsi = "http://www.w3.org/2001/XMLSchema-instance"
   xmlns:context = "http://www.springframework.org/schema/context"
   xsi:schemaLocation = "http://www.springframework.org/schema/beans
   http://www.springframework.org/schema/beans/spring-beans-3.0.xsd
   http://www.springframework.org/schema/context
   http://www.springframework.org/schema/context/spring-context-3.0.xsd">
   
   <context:annotation-config/>
   
<bean id="hello" class="SystemInfo">
<property name="accuracy" value="50"/>
<property name="accessability" value="62"/>

</bean>
<bean id="processor" class="Processor">
<property name="cpuid" value="1021"/>
<property name="processorid" value="20168"/>
</bean>
</beans>
